<?xml version="1.0"?>
<doc>
    <assembly>
        <name>WorkBook3.Domain</name>
    </assembly>
    <members>
        <member name="T:WorkBook3.Domain.Combo.GroupCombo">
            <summary>
            グループコンボ.
            </summary>
        </member>
        <member name="M:WorkBook3.Domain.Combo.GroupCombo.GetGroup(System.Int32)">
            <summary>
            IDからグループを取得.
            </summary>
            <param name="id">番号.</param>
            <returns>グループ.</returns>
        </member>
        <member name="M:WorkBook3.Domain.Combo.GroupCombo.GetCombo">
            <summary>
            問題グループコンボの取得.
            </summary>
            <returns>問題グループのコンボ用リスト.</returns>
        </member>
        <member name="T:WorkBook3.Domain.Entities.QuestionEntity">
            <summary>
            問題エンティティ.
            </summary>
        </member>
        <member name="M:WorkBook3.Domain.Entities.QuestionEntity.#ctor(WorkBook3.Domain.ValueObjects.QuestionString,WorkBook3.Domain.ValueObjects.Choice,WorkBook3.Domain.ValueObjects.Correct,System.String,WorkBook3.Domain.ValueObjects.Group,System.String,System.Boolean,System.Boolean)">
            <summary>
            コンストラクタ.
            </summary>
            <param name="qestionString">問題文.</param>
            <param name="choice">回答選択肢.</param>
            <param name="correct">正解文.</param>
            <param name="explantion">解説.</param>
            <param name="group">グループ.</param>
            <param name="tag">タグ.</param>
            <param name="isBasic">基本問題.</param>
            <param name="examFlg">試験問題フラグ.</param>
        </member>
        <member name="P:WorkBook3.Domain.Entities.QuestionEntity.QuestionString">
            <summary>
            問題文.
            </summary>
        </member>
        <member name="P:WorkBook3.Domain.Entities.QuestionEntity.Choice">
            <summary>
            回答選択肢.
            </summary>
        </member>
        <member name="P:WorkBook3.Domain.Entities.QuestionEntity.Correct">
            <summary>
            正解.
            </summary>
        </member>
        <member name="P:WorkBook3.Domain.Entities.QuestionEntity.Explantion">
            <summary>
            解説.
            </summary>
        </member>
        <member name="P:WorkBook3.Domain.Entities.QuestionEntity.Group">
            <summary>
            グループ.
            </summary>
        </member>
        <member name="P:WorkBook3.Domain.Entities.QuestionEntity.Tag">
            <summary>
            タグ.
            </summary>
        </member>
        <member name="P:WorkBook3.Domain.Entities.QuestionEntity.IsBasic">
            <summary>
            基本問題.
            </summary>
        </member>
        <member name="P:WorkBook3.Domain.Entities.QuestionEntity.ExamFlg">
            <summary>
            試験問題フラグ.
            </summary>
        </member>
        <member name="M:WorkBook3.Domain.Entities.QuestionEntity.GetSearchString">
            <inheritdoc/>
        </member>
        <member name="M:WorkBook3.Domain.Entities.QuestionEntity.GetValue">
            <inheritdoc/>
        </member>
        <member name="T:WorkBook3.Domain.Entities.QuestionListEntity">
            <summary>
            問題文リスト.
            </summary>
        </member>
        <member name="M:WorkBook3.Domain.Entities.QuestionListEntity.#ctor(System.Collections.Generic.List{WorkBook3.Domain.Repositories.Entity.IQuestionEntity})">
            <summary>
            コンストラクタ.
            </summary>
            <param name="list">問題文リスト.</param>
        </member>
        <member name="M:WorkBook3.Domain.Entities.QuestionListEntity.Count">
            <summary>
            取得したデータの件数を返す.
            </summary>
            <returns>取得件数.</returns>
        </member>
        <member name="M:WorkBook3.Domain.Entities.QuestionListEntity.GetAllList">
            <inheritdoc/>
        </member>
        <member name="M:WorkBook3.Domain.Entities.QuestionListEntity.UpdateQuestion(WorkBook3.Domain.Repositories.Entity.IQuestionEntity,WorkBook3.Domain.Repositories.Entity.IQuestionEntity)">
            <inheritdoc/>
        </member>
        <member name="M:WorkBook3.Domain.Entities.QuestionListEntity.AddQuestion(WorkBook3.Domain.Repositories.Entity.IQuestionEntity)">
            <inheritdoc/>
        </member>
        <member name="M:WorkBook3.Domain.Entities.QuestionListEntity.GetValue">
            <inheritdoc/>
        </member>
        <member name="T:WorkBook3.Domain.Exceptions.DataParseException">
            <summary>
            データ解析Exception.
            </summary>
        </member>
        <member name="M:WorkBook3.Domain.Exceptions.DataParseException.#ctor(System.String,System.Exception)">
            <summary>
            データ解析Exception.
            </summary>
            <param name="message">メッセージ.</param>
            <param name="e">元となった例外.</param>
        </member>
        <member name="M:WorkBook3.Domain.Exceptions.DataParseException.#ctor(System.String)">
            <summary>
            データ解析Exception.
            </summary>
            <param name="message">メッセージ.</param>
        </member>
        <member name="T:WorkBook3.Domain.Exceptions.FileException">
            <summary>
            ファイルException.
            </summary>
        </member>
        <member name="M:WorkBook3.Domain.Exceptions.FileException.#ctor(System.String,System.Exception)">
            <summary>
            ファイルException.
            </summary>
            <param name="message">メッセージ.</param>
            <param name="e">元となった例外.</param>
        </member>
        <member name="T:WorkBook3.Domain.Helpers.FilePathHelper">
            <summary>
            ファイルパスヘルパー.
            </summary>
        </member>
        <member name="M:WorkBook3.Domain.Helpers.FilePathHelper.GetDirName(System.String)">
            <summary>
            指定されたファイルパスの絶対パスのフォルダ名を取得する.
            </summary>
            <param name="filePath">ファイルパス.</param>
            <returns>絶対パスのフォルダ.</returns>
        </member>
        <member name="M:WorkBook3.Domain.Helpers.FilePathHelper.GetFullPath(System.String)">
            <summary>
            指定されたファイルパスの絶対パスを取得する.
            </summary>
            <param name="filePath">ファイルパス.</param>
            <returns>絶対パス.</returns>
        </member>
        <member name="M:WorkBook3.Domain.Helpers.PaddingHelper.GetData(System.String,System.Int32,System.Int32)">
            <summary>
            データを固定長に整形する(中間値は0で埋める).
            </summary>
            例) Noが2で固定文字が1,`、サイズが6の場合は、100002
            <param name="fix">先頭に付与する固定文字</param>
            <param name="no">値</param>
            <param name="size">文字列の長さ</param>
            <returns>固定長文字</returns>
        </member>
        <member name="M:WorkBook3.Domain.Helpers.StringHelper.GetList(System.String)">
            <summary>
            改行ありのデータをListに変換する。空行は除去する
            </summary>
            <param name="data">改行ありの文字列</param>
            <returns>改行で区切ったリスト</returns>
        </member>
        <member name="T:WorkBook3.Domain.Repositories.Combo.ICombo`1">
            <summary>
            コンボ用インタフェース。
            </summary>
            <typeparam name="T">コンボ内の要素クラス</typeparam>
        </member>
        <member name="M:WorkBook3.Domain.Repositories.Combo.ICombo`1.GetCombo">
            <summary>
            コンボのリストを取得する.
            </summary>
            <returns>コンボのリスト</returns>
        </member>
        <member name="T:WorkBook3.Domain.Repositories.Combo.IComboItem">
            <summary>
            コンボ要素のインタフェース
            </summary>
        </member>
        <member name="P:WorkBook3.Domain.Repositories.Combo.IComboItem.Id">
            <summary>
            識別するためのID.
            </summary>
        </member>
        <member name="P:WorkBook3.Domain.Repositories.Combo.IComboItem.DisplayValue">
            <summary>
            画面に表示する文字列.
            </summary>
        </member>
        <member name="T:WorkBook3.Domain.Repositories.Entity.IQuestionEntity">
            <summary>
            問題インタフェース.
            </summary>
        </member>
        <member name="M:WorkBook3.Domain.Repositories.Entity.IQuestionEntity.GetSearchString">
            <summary>
            検索対象文字列の取得.
            </summary>
            <returns>検索対象文字列.</returns>
        </member>
        <member name="T:WorkBook3.Domain.Repositories.Entity.IQuestionListEntity">
            <summary>
            問題リストインタフェース.
            </summary>
        </member>
        <member name="M:WorkBook3.Domain.Repositories.Entity.IQuestionListEntity.GetAllList">
            <summary>
            問題リストを返す.
            </summary>
            <returns>問題リスト.</returns>
        </member>
        <member name="M:WorkBook3.Domain.Repositories.Entity.IQuestionListEntity.Count">
            <summary>
            問題件数を返す.
            </summary>
            <returns>問題件数.</returns>
        </member>
        <member name="M:WorkBook3.Domain.Repositories.Entity.IQuestionListEntity.AddQuestion(WorkBook3.Domain.Repositories.Entity.IQuestionEntity)">
            <summary>
            問題の追加.
            </summary>
            <param name="newentity">追加する問題.</param>
        </member>
        <member name="M:WorkBook3.Domain.Repositories.Entity.IQuestionListEntity.UpdateQuestion(WorkBook3.Domain.Repositories.Entity.IQuestionEntity,WorkBook3.Domain.Repositories.Entity.IQuestionEntity)">
            <summary>
            問題の更新.
            </summary>
            <param name="oldentity">修正前の問題.</param>
            <param name="newentity">修正後の問題.</param>
        </member>
        <member name="T:WorkBook3.Domain.Repositories.IEntity">
            <summary>
            エンティティインタフェース.
            </summary>
        </member>
        <member name="M:WorkBook3.Domain.Repositories.IEntity.GetValue">
            <summary>
            同じオブジェクトかを識別するための値.
            </summary>
            <returns>識別文字.</returns>
        </member>
        <member name="M:WorkBook3.Domain.Repositories.IEntity.EqualsCore(WorkBook3.Domain.Repositories.IEntity)">
            <inheritdoc/>
        </member>
        <member name="T:WorkBook3.Domain.Repositories.IQuestionListRepository">
            <summary>
            問題リストインタフェース.
            </summary>
        </member>
        <member name="T:WorkBook3.Domain.Repositories.IRepository`1">
            <summary>
            リポジトリインタフェース.
            </summary>
            <typeparam name="T">エンティティ.</typeparam>
        </member>
        <member name="M:WorkBook3.Domain.Repositories.IRepository`1.GetRepository">
            <summary>
            データ取得.
            </summary>
            <returns>データ.</returns>
        </member>
        <member name="M:WorkBook3.Domain.Repositories.IRepository`1.SaveRepository(`0)">
            <summary>
            データ保存.
            </summary>
            <param name="entity">エンティティ.</param>
        </member>
        <member name="T:WorkBook3.Domain.ValueObjects.Category">
            <summary>
            カテゴリ.
            </summary>
        </member>
        <member name="F:WorkBook3.Domain.ValueObjects.Category.BUSINESS">
            <summary>
            ビジネストレンド(総合).
            </summary>
        </member>
        <member name="F:WorkBook3.Domain.ValueObjects.Category.IT">
            <summary>
            IT技術(総合).
            </summary>
        </member>
        <member name="F:WorkBook3.Domain.ValueObjects.Category.UNKNOWN">
            <summary>
            不明.
            </summary>
        </member>
        <member name="M:WorkBook3.Domain.ValueObjects.Category.#ctor(System.String)">
            <summary>
            コンストラクタ.
            </summary>
            <param name="name">カテゴリ名.</param>
        </member>
        <member name="P:WorkBook3.Domain.ValueObjects.Category.Name">
            <summary>
            カテゴリ名.
            </summary>
        </member>
        <member name="M:WorkBook3.Domain.ValueObjects.Category.EqualsCore(WorkBook3.Domain.ValueObjects.Category)">
            <inheritdoc/>
        </member>
        <member name="T:WorkBook3.Domain.ValueObjects.Choice">
            <summary>
            回答選択肢.
            </summary>
        </member>
        <member name="M:WorkBook3.Domain.ValueObjects.Choice.#ctor(System.String)">
            <summary>
            コンストラクタ.
            </summary>
            <param name="value">回答選択肢.</param>
        </member>
        <member name="P:WorkBook3.Domain.ValueObjects.Choice.Value">
            <summary>
            回答選択肢.
            </summary>
        </member>
        <member name="P:WorkBook3.Domain.ValueObjects.Choice.DisplayValue">
            <summary>
            画面表示用.
            </summary>
        </member>
        <member name="P:WorkBook3.Domain.ValueObjects.Choice.ChoiceList">
            <summary>
            1つのstringを4つの問題に分解.
            </summary>
            <returns>回答選択肢.</returns>
        </member>
        <member name="M:WorkBook3.Domain.ValueObjects.Choice.EqualsCore(WorkBook3.Domain.ValueObjects.Choice)">
            <inheritdoc/>
        </member>
        <member name="T:WorkBook3.Domain.ValueObjects.Correct">
            <summary>
            正解.
            </summary>
        </member>
        <member name="M:WorkBook3.Domain.ValueObjects.Correct.#ctor(System.String)">
            <summary>
            コンストラクタ.
            </summary>
            <param name="value">正解.</param>
        </member>
        <member name="M:WorkBook3.Domain.ValueObjects.Correct.#ctor(System.String,WorkBook3.Domain.ValueObjects.Choice)">
            <summary>
            コンストラクタ.
            </summary>
            <param name="value">正解.</param>
            <param name="choice">回答選択肢.</param>
        </member>
        <member name="P:WorkBook3.Domain.ValueObjects.Correct.Value">
            <summary>
            正解.
            </summary>
        </member>
        <member name="P:WorkBook3.Domain.ValueObjects.Correct.DisplayValue">
            <summary>
            正解の文字列.
            </summary>
        </member>
        <member name="M:WorkBook3.Domain.ValueObjects.Correct.EqualsCore(WorkBook3.Domain.ValueObjects.Correct)">
            <inheritdoc/>
        </member>
        <member name="T:WorkBook3.Domain.ValueObjects.Group">
            <summary>
            問題グループ.
            </summary>
            1～12のグループがあり、それぞれのグループは2つのカテゴリに属する
        </member>
        <member name="M:WorkBook3.Domain.ValueObjects.Group.#ctor(System.Int32,System.String,WorkBook3.Domain.ValueObjects.Category)">
            <summary>
            コンストラクタ.
            </summary>
            <param name="id">ID.</param>
            <param name="name">名称.</param>
            <param name="category">カテゴリ.</param>
        </member>
        <member name="P:WorkBook3.Domain.ValueObjects.Group.Id">
            <summary>
            ID.
            </summary>
        </member>
        <member name="P:WorkBook3.Domain.ValueObjects.Group.Name">
            <summary>
            グループ名.
            </summary>
        </member>
        <member name="P:WorkBook3.Domain.ValueObjects.Group.CategoryName">
            <summary>
            カテゴリ名.
            </summary>
        </member>
        <member name="P:WorkBook3.Domain.ValueObjects.Group.DisplayValue">
            <summary>
            表示用名称.
            </summary>
        </member>
        <member name="M:WorkBook3.Domain.ValueObjects.Group.ToString">
            <summary>
            ToString()
            </summary>
            <returns>文字列</returns>
        </member>
        <member name="M:WorkBook3.Domain.ValueObjects.Group.CompareTo(System.Object)">
            <summary>
            ソート用.
            </summary>
            <param name="obj">比較対象</param>
            <returns>結果</returns>
        </member>
        <member name="M:WorkBook3.Domain.ValueObjects.Group.EqualsCore(WorkBook3.Domain.ValueObjects.Group)">
            <inheritdoc/>
        </member>
        <member name="T:WorkBook3.Domain.ValueObjects.QuestionString">
            <summary>
            問題文.
            </summary>
        </member>
        <member name="M:WorkBook3.Domain.ValueObjects.QuestionString.#ctor(System.String)">
            <summary>
            コンストラクタ.
            </summary>
            <param name="value">問題文.</param>
        </member>
        <member name="P:WorkBook3.Domain.ValueObjects.QuestionString.Value">
            <summary>
            問題文.
            </summary>
        </member>
        <member name="M:WorkBook3.Domain.ValueObjects.QuestionString.EqualsCore(WorkBook3.Domain.ValueObjects.QuestionString)">
            <inheritdoc/>
        </member>
        <member name="T:WorkBook3.Domain.ValueObjects.ValueObject`1">
            <summary>
            バリューオブジェクトベースクラス.
            </summary>
            <typeparam name="T">バリューオブジェクトのクラス.</typeparam>
        </member>
        <member name="M:WorkBook3.Domain.ValueObjects.ValueObject`1.op_Equality(WorkBook3.Domain.ValueObjects.ValueObject{`0},WorkBook3.Domain.ValueObjects.ValueObject{`0})">
            <summary>
            ==比較.
            </summary>
            <param name="vo1">比較対象1.</param>
            <param name="vo2">比較対象2.</param>
            <returns>比較結果.</returns>
        </member>
        <member name="M:WorkBook3.Domain.ValueObjects.ValueObject`1.op_Inequality(WorkBook3.Domain.ValueObjects.ValueObject{`0},WorkBook3.Domain.ValueObjects.ValueObject{`0})">
            <summary>
            !=比較.
            </summary>
            <param name="vo1">比較対象1.</param>
            <param name="vo2">比較対象2.</param>
            <returns>比較結果.</returns>
        </member>
        <member name="M:WorkBook3.Domain.ValueObjects.ValueObject`1.Equals(System.Object)">
            <inheritdoc/>
        </member>
        <member name="M:WorkBook3.Domain.ValueObjects.ValueObject`1.ToString">
            <inheritdoc/>
        </member>
        <member name="M:WorkBook3.Domain.ValueObjects.ValueObject`1.GetHashCode">
            <inheritdoc/>
        </member>
        <member name="M:WorkBook3.Domain.ValueObjects.ValueObject`1.EqualsCore(`0)">
            <summary>
            Equalsの実装.
            </summary>
            <param name="other">比較するオブジェクト.</param>
            <returns>結果.</returns>
        </member>
    </members>
</doc>
