<?xml version="1.0"?>
<doc>
    <assembly>
        <name>WorkBook3.WPF</name>
    </assembly>
    <members>
        <member name="P:WorkBook3.WPF.ViewModels.FixDataCreateViewModel.CreateData">
            <summary>
            データ作成ボタンクリック.
            </summary>
        </member>
        <member name="P:WorkBook3.WPF.ViewModels.FixDataCreateViewModel.CreateColumn">
            <summary>
            列情報作成ボタンクリック.
            </summary>
        </member>
        <member name="P:WorkBook3.WPF.ViewModels.FixDataCreateViewModel.CreateFile">
            <summary>
            ファイル作成ボタンクリック.
            </summary>
        </member>
        <member name="P:WorkBook3.WPF.ViewModels.FixDataCreateViewModel.FixChar">
            <summary>
            固定文字.
            </summary>
        </member>
        <member name="P:WorkBook3.WPF.ViewModels.FixDataCreateViewModel.FileData">
            <summary>
            固定文字.
            </summary>
        </member>
        <member name="P:WorkBook3.WPF.ViewModels.FixDataCreateViewModel.ColumnData">
            <summary>
            固定文字.
            </summary>
        </member>
        <member name="T:WorkBook3.WPF.ViewModels.QuestionList.Action.Search">
            <summary>
            検索実行処理.
            </summary>
        </member>
        <member name="M:WorkBook3.WPF.ViewModels.QuestionList.Action.Search.#ctor(WorkBook3.WPF.ViewModels.QuestionListViewModel)">
            <summary>
            コンストラクタ.
            </summary>
            <param name="vm">ViewModel</param>
        </member>
        <member name="M:WorkBook3.WPF.ViewModels.QuestionList.Action.Search.Execute">
            <summary>
            実行処理.
            </summary>
        </member>
        <member name="T:WorkBook3.WPF.ViewModels.QuestionListViewModel">
            <summary>
            一覧画面ViewModel
            </summary>
        </member>
        <member name="M:WorkBook3.WPF.ViewModels.QuestionListViewModel.#ctor(WorkBook3.Domain.Repositories.IQuestionListRepository)">
            <summary>
            コンストラクタ
            </summary>
            <param name="file">IQuestionListRepository</param>
        </member>
        <member name="M:WorkBook3.WPF.ViewModels.QuestionListViewModel.#ctor(Prism.Services.Dialogs.IDialogService)">
            <summary>
            コンストラクタ
            </summary>
            <param name="dialogService">dialogService</param>
        </member>
        <member name="M:WorkBook3.WPF.ViewModels.QuestionListViewModel.#ctor(Prism.Services.Dialogs.IDialogService,WorkBook3.Domain.Repositories.IQuestionListRepository)">
            <summary>
            コンストラクタ.
            </summary>
        </member>
        <member name="P:WorkBook3.WPF.ViewModels.QuestionListViewModel.UserCombo">
            <summary>
            選択問題.
            </summary>
        </member>
        <member name="P:WorkBook3.WPF.ViewModels.QuestionListViewModel.SelectedQuestion">
            <summary>
            選択問題.
            </summary>
        </member>
        <member name="P:WorkBook3.WPF.ViewModels.QuestionListViewModel.QuestionList">
            <summary>
            問題リスト.
            </summary>
        </member>
        <member name="P:WorkBook3.WPF.ViewModels.QuestionListViewModel.CountText">
            <summary>
            表示件数.
            </summary>
        </member>
        <member name="P:WorkBook3.WPF.ViewModels.QuestionListViewModel.Select">
            <summary>
            検索文字.
            </summary>
        </member>
        <member name="E:WorkBook3.WPF.ViewModels.QuestionListViewModel.RequestClose">
            <inheritdoc/>
        </member>
        <member name="P:WorkBook3.WPF.ViewModels.QuestionListViewModel.Title">
            <summary>
            タイトル
            </summary>
        </member>
        <member name="M:WorkBook3.WPF.ViewModels.QuestionListViewModel.CanCloseDialog">
            <inheritdoc/>
        </member>
        <member name="M:WorkBook3.WPF.ViewModels.QuestionListViewModel.OnDialogClosed">
            <inheritdoc/>
        </member>
        <member name="M:WorkBook3.WPF.ViewModels.QuestionListViewModel.OnDialogOpened(Prism.Services.Dialogs.IDialogParameters)">
            <inheritdoc/>
        </member>
        <member name="P:WorkBook3.WPF.ViewModels.QuestionListViewModel.Search">
            <summary>
            検索ボタンクリック.
            </summary>
        </member>
        <member name="P:WorkBook3.WPF.ViewModels.QuestionListViewModel.ItemSelect">
            <summary>
            問題ビューダブルクリック.
            </summary>
        </member>
        <member name="P:WorkBook3.WPF.ViewModels.QuestionListViewModel.NewButton">
            <summary>
            新規登録.
            </summary>
        </member>
        <member name="T:WorkBook3.WPF.ViewModels.QuestionRegister.QuestionRegisterMainViewModel">
            <summary>
            登録画面.
            </summary>
        </member>
        <member name="M:WorkBook3.WPF.ViewModels.QuestionRegister.QuestionRegisterMainViewModel.#ctor">
            <summary>
            コンストラクタ.
            </summary>
        </member>
        <member name="E:WorkBook3.WPF.ViewModels.QuestionRegister.QuestionRegisterMainViewModel.RequestClose">
            <summary>
            クローズイベント.
            </summary>
        </member>
        <member name="P:WorkBook3.WPF.ViewModels.QuestionRegister.QuestionRegisterMainViewModel.Register">
            <summary>
            登録ボタン.
            </summary>
        </member>
        <member name="P:WorkBook3.WPF.ViewModels.QuestionRegister.QuestionRegisterMainViewModel.Entity">
            <summary>
            問題エンティティ.
            </summary>
        </member>
        <member name="P:WorkBook3.WPF.ViewModels.QuestionRegister.QuestionRegisterMainViewModel.UserCombo">
            <summary>
            グループコンボ.
            </summary>
        </member>
        <member name="P:WorkBook3.WPF.ViewModels.QuestionRegister.QuestionRegisterMainViewModel.IsBasic">
            <summary>
            基本問題.
            </summary>
        </member>
        <member name="P:WorkBook3.WPF.ViewModels.QuestionRegister.QuestionRegisterMainViewModel.ExamFlg">
            <summary>
            基本問題.
            </summary>
        </member>
        <member name="P:WorkBook3.WPF.ViewModels.QuestionRegister.QuestionRegisterMainViewModel.Tag">
            <summary>
            タグ.
            </summary>
        </member>
        <member name="P:WorkBook3.WPF.ViewModels.QuestionRegister.QuestionRegisterMainViewModel.Title">
            <summary>
            画面タイトル.
            </summary>
        </member>
        <member name="M:WorkBook3.WPF.ViewModels.QuestionRegister.QuestionRegisterMainViewModel.CanCloseDialog">
            <inheritdoc/>
        </member>
        <member name="M:WorkBook3.WPF.ViewModels.QuestionRegister.QuestionRegisterMainViewModel.OnDialogClosed">
            <inheritdoc/>
        </member>
        <member name="M:WorkBook3.WPF.ViewModels.QuestionRegister.QuestionRegisterMainViewModel.OnDialogOpened(Prism.Services.Dialogs.IDialogParameters)">
            <inheritdoc/>
        </member>
        <member name="T:WorkBook3.WPF.ViewModels.QuestionRegister.UserBasicEntityViewModel">
            <summary>
            基本項目.
            </summary>
        </member>
        <member name="P:WorkBook3.WPF.ViewModels.QuestionRegister.UserBasicEntityViewModel.QuestionString">
            <summary>
            問題.
            </summary>
        </member>
        <member name="P:WorkBook3.WPF.ViewModels.QuestionRegister.UserBasicEntityViewModel.ChoiceString">
            <summary>
            回答選択肢.
            </summary>
        </member>
        <member name="P:WorkBook3.WPF.ViewModels.QuestionRegister.UserBasicEntityViewModel.CorrectString">
            <summary>
            正解.
            </summary>
        </member>
        <member name="P:WorkBook3.WPF.ViewModels.QuestionRegister.UserBasicEntityViewModel.Explantion">
            <summary>
            解説.
            </summary>
        </member>
        <member name="M:WorkBook3.WPF.ViewModels.QuestionRegister.UserBasicEntityViewModel.SetBasicEntity(WorkBook3.Domain.Entities.QuestionEntity)">
            <summary>
            値のセット.
            </summary>
            <param name="entity">entity</param>
        </member>
        <member name="T:WorkBook3.WPF.ViewModels.UserComboViewModel`1">
            <summary>
            コンボボックスViewModel.
            </summary>
            <typeparam name="T">コンボアイテム.</typeparam>
        </member>
        <member name="M:WorkBook3.WPF.ViewModels.UserComboViewModel`1.#ctor(System.Collections.ObjectModel.ObservableCollection{`0})">
            <summary>
            コンストラクタ.
            </summary>
            <param name="list">コンボリスト.</param>
        </member>
        <member name="P:WorkBook3.WPF.ViewModels.UserComboViewModel`1.GroupList">
            <summary>
            グループコンボ.
            </summary>
        </member>
        <member name="P:WorkBook3.WPF.ViewModels.UserComboViewModel`1.SelectedGroup">
            <summary>
            選択グループ.
            </summary>
        </member>
        <member name="T:WorkBook3.WPF.ViewModels.UserCheckbox3ViewModel">
            <summary>
            チェックボックス3個セット
            </summary>
        </member>
        <member name="M:WorkBook3.WPF.ViewModels.UserCheckbox3ViewModel.#ctor">
            <summary>
            コンストラクタ.
            </summary>
        </member>
        <member name="P:WorkBook3.WPF.ViewModels.UserCheckbox3ViewModel.IsBasic">
            <summary>
            基礎問題.
            </summary>
        </member>
        <member name="P:WorkBook3.WPF.ViewModels.UserCheckbox3ViewModel.IsExpart">
            <summary>
            応用問題.
            </summary>
        </member>
        <member name="P:WorkBook3.WPF.ViewModels.UserCheckbox3ViewModel.ExamFlg">
            <summary>
            応用問題.
            </summary>
        </member>
        <member name="T:WorkBook3.WPF.ViewModels.MainWindowViewModel">
            <summary>
            MainWindowViewModel.
            </summary>
        </member>
        <member name="M:WorkBook3.WPF.ViewModels.MainWindowViewModel.#ctor(Prism.Services.Dialogs.IDialogService)">
            <summary>
            コンストラクタ.
            </summary>
            <param name="dialogService">dialogService</param>
        </member>
        <member name="P:WorkBook3.WPF.ViewModels.MainWindowViewModel.Title">
            <summary>
            タイトル.
            </summary>
        </member>
        <member name="P:WorkBook3.WPF.ViewModels.MainWindowViewModel.ListView">
            <summary>
            一覧画面.
            </summary>
        </member>
        <member name="P:WorkBook3.WPF.ViewModels.MainWindowViewModel.OneView">
            <summary>
            詳細画面.
            </summary>
        </member>
        <member name="P:WorkBook3.WPF.ViewModels.MainWindowViewModel.FixDataCreate">
            <summary>
            固定長データ作成画面.
            </summary>
        </member>
        <member name="T:WorkBook3.WPF.Views.CustomControl.UserCheckbox3">
            <summary>
            Interaction logic for UserCheckbox3
            </summary>
            <summary>
            UserCheckbox3
            </summary>
        </member>
        <member name="M:WorkBook3.WPF.Views.CustomControl.UserCheckbox3.#ctor">
            <summary>
            コンストラクタ.
            </summary>
        </member>
        <member name="M:WorkBook3.WPF.Views.CustomControl.UserCheckbox3.InitializeComponent">
            <summary>
            InitializeComponent
            </summary>
        </member>
        <member name="T:WorkBook3.WPF.Views.CustomControl.UserCombo">
            <summary>
            Interaction logic for UserCombo
            </summary>
            <summary>
            UserCombo
            </summary>
        </member>
        <member name="M:WorkBook3.WPF.Views.CustomControl.UserCombo.#ctor">
            <summary>
            コンストラクタ.
            </summary>
        </member>
        <member name="M:WorkBook3.WPF.Views.CustomControl.UserCombo.InitializeComponent">
            <summary>
            InitializeComponent
            </summary>
        </member>
        <member name="T:WorkBook3.WPF.Views.FixDataCreate">
            <summary>
            Interaction logic for FixDataCreate
            </summary>
            <summary>
            FixDataCreate
            </summary>
        </member>
        <member name="M:WorkBook3.WPF.Views.FixDataCreate.InitializeComponent">
            <summary>
            InitializeComponent
            </summary>
        </member>
        <member name="T:WorkBook3.WPF.Views.QuestionList">
            <summary>
            Interaction logic for QuestionList
            </summary>
            <summary>
            QuestionList
            </summary>
        </member>
        <member name="M:WorkBook3.WPF.Views.QuestionList.#ctor">
            <summary>
            問題一覧画面.
            </summary>
        </member>
        <member name="M:WorkBook3.WPF.Views.QuestionList.InitializeComponent">
            <summary>
            InitializeComponent
            </summary>
        </member>
        <member name="T:WorkBook3.WPF.Views.QuestionRegister.QuestionRegisterMain">
            <summary>
            Interaction logic for QuestionRegister
            </summary>
            <summary>
            QuestionRegisterMain
            </summary>
        </member>
        <member name="M:WorkBook3.WPF.Views.QuestionRegister.QuestionRegisterMain.#ctor">
            <summary>
            登録画面画面.
            </summary>
        </member>
        <member name="M:WorkBook3.WPF.Views.QuestionRegister.QuestionRegisterMain.InitializeComponent">
            <summary>
            InitializeComponent
            </summary>
        </member>
        <member name="T:WorkBook3.WPF.Views.QuestionRegister.UserBasicEntity">
            <summary>
            Interaction logic for UserBasicEntity
            </summary>
            <summary>
            UserBasicEntity
            </summary>
        </member>
        <member name="M:WorkBook3.WPF.Views.QuestionRegister.UserBasicEntity.InitializeComponent">
            <summary>
            InitializeComponent
            </summary>
        </member>
        <member name="T:WorkBook3.WPF.Views.MainWindow">
            <summary>
            Interaction logic for MainWindow.xaml
            </summary>
            <summary>
            MainWindow
            </summary>
        </member>
        <member name="M:WorkBook3.WPF.Views.MainWindow.#ctor">
            <summary>
            MainWindow
            </summary>
        </member>
        <member name="M:WorkBook3.WPF.Views.MainWindow.InitializeComponent">
            <summary>
            InitializeComponent
            </summary>
        </member>
        <member name="T:WorkBook3.WPF.App">
            <summary>
            Interaction logic for App.xaml
            </summary>
            <summary>
            App
            </summary>
        </member>
        <member name="M:WorkBook3.WPF.App.CreateShell">
            <summary>
            App.
            </summary>
            <returns>Window</returns>
        </member>
        <member name="M:WorkBook3.WPF.App.RegisterTypes(Prism.Ioc.IContainerRegistry)">
            <summary>
            Prism画面遷移用
            </summary>
            <param name="containerRegistry">containerRegistry</param>
        </member>
        <member name="M:WorkBook3.WPF.App.InitializeComponent">
            <summary>
            InitializeComponent
            </summary>
        </member>
        <member name="M:WorkBook3.WPF.App.Main">
            <summary>
            Application Entry Point.
            </summary>
        </member>
        <member name="T:WorkBook3.WPF.Properties.Resources">
            <summary>
              A strongly-typed resource class, for looking up localized strings, etc.
            </summary>
        </member>
        <member name="P:WorkBook3.WPF.Properties.Resources.ResourceManager">
            <summary>
              Returns the cached ResourceManager instance used by this class.
            </summary>
        </member>
        <member name="P:WorkBook3.WPF.Properties.Resources.Culture">
            <summary>
              Overrides the current thread's CurrentUICulture property for all
              resource lookups using this strongly typed resource class.
            </summary>
        </member>
        <member name="T:XamlGeneratedNamespace.GeneratedInternalTypeHelper">
            <summary>
            GeneratedInternalTypeHelper
            </summary>
        </member>
        <member name="M:XamlGeneratedNamespace.GeneratedInternalTypeHelper.CreateInstance(System.Type,System.Globalization.CultureInfo)">
            <summary>
            CreateInstance
            </summary>
        </member>
        <member name="M:XamlGeneratedNamespace.GeneratedInternalTypeHelper.GetPropertyValue(System.Reflection.PropertyInfo,System.Object,System.Globalization.CultureInfo)">
            <summary>
            GetPropertyValue
            </summary>
        </member>
        <member name="M:XamlGeneratedNamespace.GeneratedInternalTypeHelper.SetPropertyValue(System.Reflection.PropertyInfo,System.Object,System.Object,System.Globalization.CultureInfo)">
            <summary>
            SetPropertyValue
            </summary>
        </member>
        <member name="M:XamlGeneratedNamespace.GeneratedInternalTypeHelper.CreateDelegate(System.Type,System.Object,System.String)">
            <summary>
            CreateDelegate
            </summary>
        </member>
        <member name="M:XamlGeneratedNamespace.GeneratedInternalTypeHelper.AddEventHandler(System.Reflection.EventInfo,System.Object,System.Delegate)">
            <summary>
            AddEventHandler
            </summary>
        </member>
    </members>
</doc>
