<?xml version="1.0"?>
<doc>
    <assembly>
        <name>WorkBook3.Infrastructure</name>
    </assembly>
    <members>
        <member name="T:WorkBook3.Infrastructure.File.Core.ILocalEntity">
            <summary>
            すべてのフィールドがpublicであるエンティティクラス.
            </summary>
        </member>
        <member name="T:WorkBook3.Infrastructure.File.Core.Load`1">
            <summary>
            ILocalEntityを実装したクラスをXMLファイルから読み込む.
            </summary>
            <typeparam name="T">ILocalEntityを実装したクラス.</typeparam>
        </member>
        <member name="M:WorkBook3.Infrastructure.File.Core.Load`1.Execute(System.String)">
            <summary>
            読込処理.
            </summary>
            <param name="filePath">ファイルパス.</param>
            <returns>エンティティ.</returns>
        </member>
        <member name="T:WorkBook3.Infrastructure.File.Core.Save`1">
            <summary>
            ILocalEntityを実装したクラスをXMLファイルに書き込む.
            </summary>
            <typeparam name="T">ILocalEntityを実装したクラス.</typeparam>
        </member>
        <member name="M:WorkBook3.Infrastructure.File.Core.Save`1.Execute(`0,System.String)">
            <summary>
            保存処理.
            </summary>
            <param name="entity">エンティティ.</param>
            <param name="filePath">ファイル名.</param>
        </member>
        <member name="T:WorkBook3.Infrastructure.File.Entities.QuestionEntityLocal">
            <summary>
            ファイル読み書き用QuestionEntity.
            </summary>
            XMLファイルへのシリアライズ用にすべてpublicのsetter,getterを用意
        </member>
        <member name="M:WorkBook3.Infrastructure.File.Entities.QuestionEntityLocal.#ctor">
            <summary>
            コンストラクタ.
            </summary>
        </member>
        <member name="M:WorkBook3.Infrastructure.File.Entities.QuestionEntityLocal.#ctor(WorkBook3.Domain.Repositories.Entity.IQuestionEntity)">
            <summary>
            コンストラクタ.QuestionEntityからQuestionEntityLocalを作成する.
            </summary>
            <param name="entity">エンティティ.</param>
        </member>
        <member name="P:WorkBook3.Infrastructure.File.Entities.QuestionEntityLocal.QestionString">
            <summary>
            問題文.
            </summary>
        </member>
        <member name="P:WorkBook3.Infrastructure.File.Entities.QuestionEntityLocal.Choice">
            <summary>
            回答選択肢.
            </summary>
        </member>
        <member name="P:WorkBook3.Infrastructure.File.Entities.QuestionEntityLocal.Correct">
            <summary>
            正解.
            </summary>
        </member>
        <member name="P:WorkBook3.Infrastructure.File.Entities.QuestionEntityLocal.Explantion">
            <summary>
            解説.
            </summary>
        </member>
        <member name="P:WorkBook3.Infrastructure.File.Entities.QuestionEntityLocal.Group">
            <summary>
            グループ.
            </summary>
        </member>
        <member name="P:WorkBook3.Infrastructure.File.Entities.QuestionEntityLocal.Tag">
            <summary>
            タグ.
            </summary>
        </member>
        <member name="P:WorkBook3.Infrastructure.File.Entities.QuestionEntityLocal.IsBasic">
            <summary>
            基本問題.
            </summary>
        </member>
        <member name="P:WorkBook3.Infrastructure.File.Entities.QuestionEntityLocal.ExamFlg">
            <summary>
            試験問題.
            </summary>
        </member>
        <member name="M:WorkBook3.Infrastructure.File.Entities.QuestionEntityLocal.GetQuestionEntity">
            <summary>
            QuestionEntityLocalからQuestionEntityを作成する.
            </summary>
            <returns>QuestionEntity.</returns>
        </member>
        <member name="T:WorkBook3.Infrastructure.File.Entities.QuestionListEntityLocal">
            <summary>
            ファイル入出力用ローカルエンティティ.
            </summary>
        </member>
        <member name="M:WorkBook3.Infrastructure.File.Entities.QuestionListEntityLocal.#ctor">
            <summary>
            コンストラクタ.
            </summary>
        </member>
        <member name="M:WorkBook3.Infrastructure.File.Entities.QuestionListEntityLocal.#ctor(WorkBook3.Domain.Repositories.Entity.IQuestionListEntity)">
            <summary>
            コンストラクタ.
            </summary>
            <param name="list">問題文リスト.</param>
        </member>
        <member name="P:WorkBook3.Infrastructure.File.Entities.QuestionListEntityLocal.ListEntity">
            <summary>
            リスト.
            </summary>
        </member>
        <member name="M:WorkBook3.Infrastructure.File.Entities.QuestionListEntityLocal.GetQuestionListEntity">
            <summary>
            変換処理(setterがあるローカルエンティティをgetterのみの公開エンティティに変換する).
            </summary>
            <returns>問題文リスト.</returns>
        </member>
        <member name="T:WorkBook3.Infrastructure.File.QuestionListFileUnion">
            <summary>
            問題リストの結合ファイル版リポジトリ.
            </summary>
        </member>
        <member name="M:WorkBook3.Infrastructure.File.QuestionListFileUnion.#ctor(System.String)">
            <summary>
            コンストラクタ.
            </summary>
            <param name="filePath">ファイルパス.</param>
        </member>
        <member name="M:WorkBook3.Infrastructure.File.QuestionListFileUnion.GetRepository">
            <inheritdoc/>
        </member>
        <member name="M:WorkBook3.Infrastructure.File.QuestionListFileUnion.SaveRepository(WorkBook3.Domain.Repositories.Entity.IQuestionListEntity)">
            <inheritdoc/>
        </member>
        <member name="T:WorkBook3.Infrastructure.Helpers.DirectoryHelper">
            <summary>
            ディレクトリヘルパー.
            </summary>
        </member>
        <member name="M:WorkBook3.Infrastructure.Helpers.DirectoryHelper.CreateDirectory(System.String)">
            <summary>
            ディレクトリ作成.
            </summary>
            <param name="filePath">ファイルパス.</param>
        </member>
    </members>
</doc>
